KIC,MSE,Composite Function
9775887,0.0003273578396876767,f(t) = 0.0018 * sin(2π * 1.4311 * t + 2.4793) + 1.0001
9532219,3.709470270413626e-05,f(t) = 0.0373 * sin(2π * 10.0931 * t + -2.8146) + 0.8162 + 0.0080 * sin(2π * 20.1862 * t + -4.0778) + 0.1763
9594189,7.69300924381438e-05,f(t) = 0.0045 * sin(2π * 2.1871 * t + 2.0693) + 0.8215 + 0.0010 * sin(2π * 4.3735 * t + 0.6460) + 0.1786
9897710,1.4724557974477313e-05,f(t) = 0.0007 * sin(2π * 4.7028 * t + -3.0743) + 0.9996
9717148,5.4932922509705e-05,f(t) = 0.0067 * sin(2π * 1.0101 * t + -1.7421) + 0.8365 + 0.0013 * sin(2π * 2.0294 * t + 1.4728) + 0.1632
