KIC,Error
8248967,34.538118514971146
8249829,0.6051345810716247
8315263,0.03180551717858812
8393922,0.00559116239106707
8516900,0.3725684689627329
8648251,0.011348381611040655
8649814,0.39859349904502295
8960514,1.6323599480206699
8963394,0.6813310529509344
9075949,0.6361747031455404
9077483,1.9435126239459062
9137819,20.181416902011104
9202969,0.41756238010721186
9214444,0.0031462695748234984
9364179,0.005950357234530495
9594857,0.023313519320483426
