KIC,Error
6231538,0.1410997923095025
6606229,0.00724323297481908
6963490,0.13346272816363242
7300184,0.2084410631343746
7900367,0.009958641176878287
7915515,0.009805754920438186
9851822,0.014344360355907375
10350769,0.007606519791964119
10355055, 0.0000001111111
10415087,0.18726431660977047
11027806,0.0
11769929,0.13321416508214554
12216817,0.08738593462138128
