KIC,Error
6778487,0.35699352134672524
6836820,0.38282219580586946
6955650,0.10627486894039288
7048016,0.01309247364558434
7124161,0.1822834042023939
7347529,0.08649333041583465
