KIC,Error
9614153,0.0059310403396977225
9700322,   0.00000001
9706609,0.019032495165012004
9724292,0.013822796650994933
9942562,0.0
10451090,12.254617129110375
11143576,0.4363544448395827
11704101,0.4281535380743104
11852985,0.012543134118890553
