KIC,Error
7521682,0.7102753748094156
7601767,0.19270547807816632
7617649,0.57100769174455
7668283,0.014224200235082595
7750215,0.3963543152534848
7905603,0.068845700042384
7937097,0.7323962302473207
7948091,0.2305429666838523
7984934,0.04435597736722607
8052082,0.006009398977296037
8087649,0.10911485398709522
8090059,0.007243256691695995
8144212,0.006427454107678577
8150307,0.004655255046794567
8245366,0.0254245389098954
