KIC,Error
9775887,0.025736782621138665
9532219,6.8269903204349776
9594189,0.026887343900574755
9897710,0.01610278680683015
9717148,0.015289511252165412
